sample_id,subject_id,split,rgb_path,vis_path
p002_neutral_front,p002,test,"Hyper-Skin(RGB, VIS)/test/RGB/p002_neutral_front.jpg","Hyper-Skin(RGB, VIS)/test/VIS/p002_neutral_front.mat"
p002_neutral_left,p002,test,"Hyper-Skin(RGB, VIS)/test/RGB/p002_neutral_left.jpg","Hyper-Skin(RGB, VIS)/test/VIS/p002_neutral_left.mat"
p002_neutral_right,p002,test,"Hyper-Skin(RGB, VIS)/test/RGB/p002_neutral_right.jpg","Hyper-Skin(RGB, VIS)/test/VIS/p002_neutral_right.mat"
p002_smile_front,p002,test,"Hyper-Skin(RGB, VIS)/test/RGB/p002_smile_front.jpg","Hyper-Skin(RGB, VIS)/test/VIS/p002_smile_front.mat"
p002_smile_left,p002,test,"Hyper-Skin(RGB, VIS)/test/RGB/p002_smile_left.jpg","Hyper-Skin(RGB, VIS)/test/VIS/p002_smile_left.mat"
p002_smile_right,p002,test,"Hyper-Skin(RGB, VIS)/test/RGB/p002_smile_right.jpg","Hyper-Skin(RGB, VIS)/test/VIS/p002_smile_right.mat"
p035_neutral_front,p035,test,"Hyper-Skin(RGB, VIS)/test/RGB/p035_neutral_front.jpg","Hyper-Skin(RGB, VIS)/test/VIS/p035_neutral_front.mat"
p035_neutral_left,p035,test,"Hyper-Skin(RGB, VIS)/test/RGB/p035_neutral_left.jpg","Hyper-Skin(RGB, VIS)/test/VIS/p035_neutral_left.mat"
p035_neutral_right,p035,test,"Hyper-Skin(RGB, VIS)/test/RGB/p035_neutral_right.jpg","Hyper-Skin(RGB, VIS)/test/VIS/p035_neutral_right.mat"
p035_smile_front,p035,test,"Hyper-Skin(RGB, VIS)/test/RGB/p035_smile_front.jpg","Hyper-Skin(RGB, VIS)/test/VIS/p035_smile_front.mat"
p035_smile_left,p035,test,"Hyper-Skin(RGB, VIS)/test/RGB/p035_smile_left.jpg","Hyper-Skin(RGB, VIS)/test/VIS/p035_smile_left.mat"
p035_smile_right,p035,test,"Hyper-Skin(RGB, VIS)/test/RGB/p035_smile_right.jpg","Hyper-Skin(RGB, VIS)/test/VIS/p035_smile_right.mat"
p036_neutral_front,p036,test,"Hyper-Skin(RGB, VIS)/test/RGB/p036_neutral_front.jpg","Hyper-Skin(RGB, VIS)/test/VIS/p036_neutral_front.mat"
p036_neutral_left,p036,test,"Hyper-Skin(RGB, VIS)/test/RGB/p036_neutral_left.jpg","Hyper-Skin(RGB, VIS)/test/VIS/p036_neutral_left.mat"
p036_neutral_right,p036,test,"Hyper-Skin(RGB, VIS)/test/RGB/p036_neutral_right.jpg","Hyper-Skin(RGB, VIS)/test/VIS/p036_neutral_right.mat"
p036_smile_front,p036,test,"Hyper-Skin(RGB, VIS)/test/RGB/p036_smile_front.jpg","Hyper-Skin(RGB, VIS)/test/VIS/p036_smile_front.mat"
p036_smile_left,p036,test,"Hyper-Skin(RGB, VIS)/test/RGB/p036_smile_left.jpg","Hyper-Skin(RGB, VIS)/test/VIS/p036_smile_left.mat"
p036_smile_right,p036,test,"Hyper-Skin(RGB, VIS)/test/RGB/p036_smile_right.jpg","Hyper-Skin(RGB, VIS)/test/VIS/p036_smile_right.mat"
p039_neutral_front,p039,test,"Hyper-Skin(RGB, VIS)/test/RGB/p039_neutral_front.jpg","Hyper-Skin(RGB, VIS)/test/VIS/p039_neutral_front.mat"
p039_neutral_left,p039,test,"Hyper-Skin(RGB, VIS)/test/RGB/p039_neutral_left.jpg","Hyper-Skin(RGB, VIS)/test/VIS/p039_neutral_left.mat"
p039_neutral_right,p039,test,"Hyper-Skin(RGB, VIS)/test/RGB/p039_neutral_right.jpg","Hyper-Skin(RGB, VIS)/test/VIS/p039_neutral_right.mat"
p039_smile_front,p039,test,"Hyper-Skin(RGB, VIS)/test/RGB/p039_smile_front.jpg","Hyper-Skin(RGB, VIS)/test/VIS/p039_smile_front.mat"
p039_smile_left,p039,test,"Hyper-Skin(RGB, VIS)/test/RGB/p039_smile_left.jpg","Hyper-Skin(RGB, VIS)/test/VIS/p039_smile_left.mat"
p039_smile_right,p039,test,"Hyper-Skin(RGB, VIS)/test/RGB/p039_smile_right.jpg","Hyper-Skin(RGB, VIS)/test/VIS/p039_smile_right.mat"
p003_neutral_front,p003,train,"Hyper-Skin(RGB, VIS)/train/RGB/p003_neutral_front.jpg","Hyper-Skin(RGB, VIS)/train/VIS/p003_neutral_front.mat"
p003_neutral_left,p003,train,"Hyper-Skin(RGB, VIS)/train/RGB/p003_neutral_left.jpg","Hyper-Skin(RGB, VIS)/train/VIS/p003_neutral_left.mat"
p003_neutral_right,p003,train,"Hyper-Skin(RGB, VIS)/train/RGB/p003_neutral_right.jpg","Hyper-Skin(RGB, VIS)/train/VIS/p003_neutral_right.mat"
p003_smile_front,p003,train,"Hyper-Skin(RGB, VIS)/train/RGB/p003_smile_front.jpg","Hyper-Skin(RGB, VIS)/train/VIS/p003_smile_front.mat"
p003_smile_left,p003,train,"Hyper-Skin(RGB, VIS)/train/RGB/p003_smile_left.jpg","Hyper-Skin(RGB, VIS)/train/VIS/p003_smile_left.mat"
p003_smile_right,p003,train,"Hyper-Skin(RGB, VIS)/train/RGB/p003_smile_right.jpg","Hyper-Skin(RGB, VIS)/train/VIS/p003_smile_right.mat"
p004_neutral_front,p004,train,"Hyper-Skin(RGB, VIS)/train/RGB/p004_neutral_front.jpg","Hyper-Skin(RGB, VIS)/train/VIS/p004_neutral_front.mat"
p004_neutral_left,p004,train,"Hyper-Skin(RGB, VIS)/train/RGB/p004_neutral_left.jpg","Hyper-Skin(RGB, VIS)/train/VIS/p004_neutral_left.mat"
p004_neutral_right,p004,train,"Hyper-Skin(RGB, VIS)/train/RGB/p004_neutral_right.jpg","Hyper-Skin(RGB, VIS)/train/VIS/p004_neutral_right.mat"
p004_smile_front,p004,train,"Hyper-Skin(RGB, VIS)/train/RGB/p004_smile_front.jpg","Hyper-Skin(RGB, VIS)/train/VIS/p004_smile_front.mat"
p004_smile_left,p004,train,"Hyper-Skin(RGB, VIS)/train/RGB/p004_smile_left.jpg","Hyper-Skin(RGB, VIS)/train/VIS/p004_smile_left.mat"
p004_smile_right,p004,train,"Hyper-Skin(RGB, VIS)/train/RGB/p004_smile_right.jpg","Hyper-Skin(RGB, VIS)/train/VIS/p004_smile_right.mat"
p005_neutral_front,p005,train,"Hyper-Skin(RGB, VIS)/train/RGB/p005_neutral_front.jpg","Hyper-Skin(RGB, VIS)/train/VIS/p005_neutral_front.mat"
p005_neutral_left,p005,train,"Hyper-Skin(RGB, VIS)/train/RGB/p005_neutral_left.jpg","Hyper-Skin(RGB, VIS)/train/VIS/p005_neutral_left.mat"
p005_neutral_right,p005,train,"Hyper-Skin(RGB, VIS)/train/RGB/p005_neutral_right.jpg","Hyper-Skin(RGB, VIS)/train/VIS/p005_neutral_right.mat"
p005_smile_front,p005,train,"Hyper-Skin(RGB, VIS)/train/RGB/p005_smile_front.jpg","Hyper-Skin(RGB, VIS)/train/VIS/p005_smile_front.mat"
p005_smile_left,p005,train,"Hyper-Skin(RGB, VIS)/train/RGB/p005_smile_left.jpg","Hyper-Skin(RGB, VIS)/train/VIS/p005_smile_left.mat"
p005_smile_right,p005,train,"Hyper-Skin(RGB, VIS)/train/RGB/p005_smile_right.jpg","Hyper-Skin(RGB, VIS)/train/VIS/p005_smile_right.mat"
p006_neutral_front,p006,train,"Hyper-Skin(RGB, VIS)/train/RGB/p006_neutral_front.jpg","Hyper-Skin(RGB, VIS)/train/VIS/p006_neutral_front.mat"
p006_neutral_left,p006,train,"Hyper-Skin(RGB, VIS)/train/RGB/p006_neutral_left.jpg","Hyper-Skin(RGB, VIS)/train/VIS/p006_neutral_left.mat"
p006_neutral_right,p006,train,"Hyper-Skin(RGB, VIS)/train/RGB/p006_neutral_right.jpg","Hyper-Skin(RGB, VIS)/train/VIS/p006_neutral_right.mat"
p006_smile_front,p006,train,"Hyper-Skin(RGB, VIS)/train/RGB/p006_smile_front.jpg","Hyper-Skin(RGB, VIS)/train/VIS/p006_smile_front.mat"
p006_smile_left,p006,train,"Hyper-Skin(RGB, VIS)/train/RGB/p006_smile_left.jpg","Hyper-Skin(RGB, VIS)/train/VIS/p006_smile_left.mat"
p006_smile_right,p006,train,"Hyper-Skin(RGB, VIS)/train/RGB/p006_smile_right.jpg","Hyper-Skin(RGB, VIS)/train/VIS/p006_smile_right.mat"
p007_neutral_front,p007,train,"Hyper-Skin(RGB, VIS)/train/RGB/p007_neutral_front.jpg","Hyper-Skin(RGB, VIS)/train/VIS/p007_neutral_front.mat"
p007_neutral_left,p007,train,"Hyper-Skin(RGB, VIS)/train/RGB/p007_neutral_left.jpg","Hyper-Skin(RGB, VIS)/train/VIS/p007_neutral_left.mat"
p007_neutral_right,p007,train,"Hyper-Skin(RGB, VIS)/train/RGB/p007_neutral_right.jpg","Hyper-Skin(RGB, VIS)/train/VIS/p007_neutral_right.mat"
p007_smile_front,p007,train,"Hyper-Skin(RGB, VIS)/train/RGB/p007_smile_front.jpg","Hyper-Skin(RGB, VIS)/train/VIS/p007_smile_front.mat"
p007_smile_left,p007,train,"Hyper-Skin(RGB, VIS)/train/RGB/p007_smile_left.jpg","Hyper-Skin(RGB, VIS)/train/VIS/p007_smile_left.mat"
p007_smile_right,p007,train,"Hyper-Skin(RGB, VIS)/train/RGB/p007_smile_right.jpg","Hyper-Skin(RGB, VIS)/train/VIS/p007_smile_right.mat"
p008_neutral_front,p008,train,"Hyper-Skin(RGB, VIS)/train/RGB/p008_neutral_front.jpg","Hyper-Skin(RGB, VIS)/train/VIS/p008_neutral_front.mat"
p008_neutral_left,p008,train,"Hyper-Skin(RGB, VIS)/train/RGB/p008_neutral_left.jpg","Hyper-Skin(RGB, VIS)/train/VIS/p008_neutral_left.mat"
p008_neutral_right,p008,train,"Hyper-Skin(RGB, VIS)/train/RGB/p008_neutral_right.jpg","Hyper-Skin(RGB, VIS)/train/VIS/p008_neutral_right.mat"
p008_smile_front,p008,train,"Hyper-Skin(RGB, VIS)/train/RGB/p008_smile_front.jpg","Hyper-Skin(RGB, VIS)/train/VIS/p008_smile_front.mat"
p008_smile_left,p008,train,"Hyper-Skin(RGB, VIS)/train/RGB/p008_smile_left.jpg","Hyper-Skin(RGB, VIS)/train/VIS/p008_smile_left.mat"
p008_smile_right,p008,train,"Hyper-Skin(RGB, VIS)/train/RGB/p008_smile_right.jpg","Hyper-Skin(RGB, VIS)/train/VIS/p008_smile_right.mat"
p009_neutral_front,p009,train,"Hyper-Skin(RGB, VIS)/train/RGB/p009_neutral_front.jpg","Hyper-Skin(RGB, VIS)/train/VIS/p009_neutral_front.mat"
p009_neutral_left,p009,train,"Hyper-Skin(RGB, VIS)/train/RGB/p009_neutral_left.jpg","Hyper-Skin(RGB, VIS)/train/VIS/p009_neutral_left.mat"
p009_neutral_right,p009,train,"Hyper-Skin(RGB, VIS)/train/RGB/p009_neutral_right.jpg","Hyper-Skin(RGB, VIS)/train/VIS/p009_neutral_right.mat"
p009_smile_front,p009,train,"Hyper-Skin(RGB, VIS)/train/RGB/p009_smile_front.jpg","Hyper-Skin(RGB, VIS)/train/VIS/p009_smile_front.mat"
p009_smile_left,p009,train,"Hyper-Skin(RGB, VIS)/train/RGB/p009_smile_left.jpg","Hyper-Skin(RGB, VIS)/train/VIS/p009_smile_left.mat"
p009_smile_right,p009,train,"Hyper-Skin(RGB, VIS)/train/RGB/p009_smile_right.jpg","Hyper-Skin(RGB, VIS)/train/VIS/p009_smile_right.mat"
p010_neutral_front,p010,train,"Hyper-Skin(RGB, VIS)/train/RGB/p010_neutral_front.jpg","Hyper-Skin(RGB, VIS)/train/VIS/p010_neutral_front.mat"
p010_neutral_left,p010,train,"Hyper-Skin(RGB, VIS)/train/RGB/p010_neutral_left.jpg","Hyper-Skin(RGB, VIS)/train/VIS/p010_neutral_left.mat"
p010_neutral_right,p010,train,"Hyper-Skin(RGB, VIS)/train/RGB/p010_neutral_right.jpg","Hyper-Skin(RGB, VIS)/train/VIS/p010_neutral_right.mat"
p010_smile_front,p010,train,"Hyper-Skin(RGB, VIS)/train/RGB/p010_smile_front.jpg","Hyper-Skin(RGB, VIS)/train/VIS/p010_smile_front.mat"
p010_smile_left,p010,train,"Hyper-Skin(RGB, VIS)/train/RGB/p010_smile_left.jpg","Hyper-Skin(RGB, VIS)/train/VIS/p010_smile_left.mat"
p010_smile_right,p010,train,"Hyper-Skin(RGB, VIS)/train/RGB/p010_smile_right.jpg","Hyper-Skin(RGB, VIS)/train/VIS/p010_smile_right.mat"
p011_neutral_front,p011,train,"Hyper-Skin(RGB, VIS)/train/RGB/p011_neutral_front.jpg","Hyper-Skin(RGB, VIS)/train/VIS/p011_neutral_front.mat"
p011_neutral_left,p011,train,"Hyper-Skin(RGB, VIS)/train/RGB/p011_neutral_left.jpg","Hyper-Skin(RGB, VIS)/train/VIS/p011_neutral_left.mat"
p011_neutral_right,p011,train,"Hyper-Skin(RGB, VIS)/train/RGB/p011_neutral_right.jpg","Hyper-Skin(RGB, VIS)/train/VIS/p011_neutral_right.mat"
p011_smile_front,p011,train,"Hyper-Skin(RGB, VIS)/train/RGB/p011_smile_front.jpg","Hyper-Skin(RGB, VIS)/train/VIS/p011_smile_front.mat"
p011_smile_left,p011,train,"Hyper-Skin(RGB, VIS)/train/RGB/p011_smile_left.jpg","Hyper-Skin(RGB, VIS)/train/VIS/p011_smile_left.mat"
p011_smile_right,p011,train,"Hyper-Skin(RGB, VIS)/train/RGB/p011_smile_right.jpg","Hyper-Skin(RGB, VIS)/train/VIS/p011_smile_right.mat"
p012_neutral_front,p012,train,"Hyper-Skin(RGB, VIS)/train/RGB/p012_neutral_front.jpg","Hyper-Skin(RGB, VIS)/train/VIS/p012_neutral_front.mat"
p012_neutral_left,p012,train,"Hyper-Skin(RGB, VIS)/train/RGB/p012_neutral_left.jpg","Hyper-Skin(RGB, VIS)/train/VIS/p012_neutral_left.mat"
p012_neutral_right,p012,train,"Hyper-Skin(RGB, VIS)/train/RGB/p012_neutral_right.jpg","Hyper-Skin(RGB, VIS)/train/VIS/p012_neutral_right.mat"
p012_smile_front,p012,train,"Hyper-Skin(RGB, VIS)/train/RGB/p012_smile_front.jpg","Hyper-Skin(RGB, VIS)/train/VIS/p012_smile_front.mat"
p012_smile_left,p012,train,"Hyper-Skin(RGB, VIS)/train/RGB/p012_smile_left.jpg","Hyper-Skin(RGB, VIS)/train/VIS/p012_smile_left.mat"
p012_smile_right,p012,train,"Hyper-Skin(RGB, VIS)/train/RGB/p012_smile_right.jpg","Hyper-Skin(RGB, VIS)/train/VIS/p012_smile_right.mat"
p013_neutral_front,p013,train,"Hyper-Skin(RGB, VIS)/train/RGB/p013_neutral_front.jpg","Hyper-Skin(RGB, VIS)/train/VIS/p013_neutral_front.mat"
p013_neutral_left,p013,train,"Hyper-Skin(RGB, VIS)/train/RGB/p013_neutral_left.jpg","Hyper-Skin(RGB, VIS)/train/VIS/p013_neutral_left.mat"
p013_neutral_right,p013,train,"Hyper-Skin(RGB, VIS)/train/RGB/p013_neutral_right.jpg","Hyper-Skin(RGB, VIS)/train/VIS/p013_neutral_right.mat"
p013_smile_front,p013,train,"Hyper-Skin(RGB, VIS)/train/RGB/p013_smile_front.jpg","Hyper-Skin(RGB, VIS)/train/VIS/p013_smile_front.mat"
p013_smile_left,p013,train,"Hyper-Skin(RGB, VIS)/train/RGB/p013_smile_left.jpg","Hyper-Skin(RGB, VIS)/train/VIS/p013_smile_left.mat"
p013_smile_right,p013,train,"Hyper-Skin(RGB, VIS)/train/RGB/p013_smile_right.jpg","Hyper-Skin(RGB, VIS)/train/VIS/p013_smile_right.mat"
p014_neutral_front,p014,train,"Hyper-Skin(RGB, VIS)/train/RGB/p014_neutral_front.jpg","Hyper-Skin(RGB, VIS)/train/VIS/p014_neutral_front.mat"
p014_neutral_left,p014,train,"Hyper-Skin(RGB, VIS)/train/RGB/p014_neutral_left.jpg","Hyper-Skin(RGB, VIS)/train/VIS/p014_neutral_left.mat"
p014_neutral_right,p014,train,"Hyper-Skin(RGB, VIS)/train/RGB/p014_neutral_right.jpg","Hyper-Skin(RGB, VIS)/train/VIS/p014_neutral_right.mat"
p014_smile_front,p014,train,"Hyper-Skin(RGB, VIS)/train/RGB/p014_smile_front.jpg","Hyper-Skin(RGB, VIS)/train/VIS/p014_smile_front.mat"
p014_smile_left,p014,train,"Hyper-Skin(RGB, VIS)/train/RGB/p014_smile_left.jpg","Hyper-Skin(RGB, VIS)/train/VIS/p014_smile_left.mat"
p014_smile_right,p014,train,"Hyper-Skin(RGB, VIS)/train/RGB/p014_smile_right.jpg","Hyper-Skin(RGB, VIS)/train/VIS/p014_smile_right.mat"
p015_neutral_front,p015,train,"Hyper-Skin(RGB, VIS)/train/RGB/p015_neutral_front.jpg","Hyper-Skin(RGB, VIS)/train/VIS/p015_neutral_front.mat"
p015_neutral_left,p015,train,"Hyper-Skin(RGB, VIS)/train/RGB/p015_neutral_left.jpg","Hyper-Skin(RGB, VIS)/train/VIS/p015_neutral_left.mat"
p015_neutral_right,p015,train,"Hyper-Skin(RGB, VIS)/train/RGB/p015_neutral_right.jpg","Hyper-Skin(RGB, VIS)/train/VIS/p015_neutral_right.mat"
p015_smile_front,p015,train,"Hyper-Skin(RGB, VIS)/train/RGB/p015_smile_front.jpg","Hyper-Skin(RGB, VIS)/train/VIS/p015_smile_front.mat"
p015_smile_left,p015,train,"Hyper-Skin(RGB, VIS)/train/RGB/p015_smile_left.jpg","Hyper-Skin(RGB, VIS)/train/VIS/p015_smile_left.mat"
p015_smile_right,p015,train,"Hyper-Skin(RGB, VIS)/train/RGB/p015_smile_right.jpg","Hyper-Skin(RGB, VIS)/train/VIS/p015_smile_right.mat"
p017_neutral_front,p017,train,"Hyper-Skin(RGB, VIS)/train/RGB/p017_neutral_front.jpg","Hyper-Skin(RGB, VIS)/train/VIS/p017_neutral_front.mat"
p017_neutral_left,p017,train,"Hyper-Skin(RGB, VIS)/train/RGB/p017_neutral_left.jpg","Hyper-Skin(RGB, VIS)/train/VIS/p017_neutral_left.mat"
p017_neutral_right,p017,train,"Hyper-Skin(RGB, VIS)/train/RGB/p017_neutral_right.jpg","Hyper-Skin(RGB, VIS)/train/VIS/p017_neutral_right.mat"
p017_smile_front,p017,train,"Hyper-Skin(RGB, VIS)/train/RGB/p017_smile_front.jpg","Hyper-Skin(RGB, VIS)/train/VIS/p017_smile_front.mat"
p017_smile_left,p017,train,"Hyper-Skin(RGB, VIS)/train/RGB/p017_smile_left.jpg","Hyper-Skin(RGB, VIS)/train/VIS/p017_smile_left.mat"
p017_smile_right,p017,train,"Hyper-Skin(RGB, VIS)/train/RGB/p017_smile_right.jpg","Hyper-Skin(RGB, VIS)/train/VIS/p017_smile_right.mat"
p018_neutral_front,p018,train,"Hyper-Skin(RGB, VIS)/train/RGB/p018_neutral_front.jpg","Hyper-Skin(RGB, VIS)/train/VIS/p018_neutral_front.mat"
p018_neutral_left,p018,train,"Hyper-Skin(RGB, VIS)/train/RGB/p018_neutral_left.jpg","Hyper-Skin(RGB, VIS)/train/VIS/p018_neutral_left.mat"
p018_neutral_right,p018,train,"Hyper-Skin(RGB, VIS)/train/RGB/p018_neutral_right.jpg","Hyper-Skin(RGB, VIS)/train/VIS/p018_neutral_right.mat"
p018_smile_front,p018,train,"Hyper-Skin(RGB, VIS)/train/RGB/p018_smile_front.jpg","Hyper-Skin(RGB, VIS)/train/VIS/p018_smile_front.mat"
p018_smile_left,p018,train,"Hyper-Skin(RGB, VIS)/train/RGB/p018_smile_left.jpg","Hyper-Skin(RGB, VIS)/train/VIS/p018_smile_left.mat"
p018_smile_right,p018,train,"Hyper-Skin(RGB, VIS)/train/RGB/p018_smile_right.jpg","Hyper-Skin(RGB, VIS)/train/VIS/p018_smile_right.mat"
p019_neutral_front,p019,train,"Hyper-Skin(RGB, VIS)/train/RGB/p019_neutral_front.jpg","Hyper-Skin(RGB, VIS)/train/VIS/p019_neutral_front.mat"
p019_neutral_left,p019,train,"Hyper-Skin(RGB, VIS)/train/RGB/p019_neutral_left.jpg","Hyper-Skin(RGB, VIS)/train/VIS/p019_neutral_left.mat"
p019_neutral_right,p019,train,"Hyper-Skin(RGB, VIS)/train/RGB/p019_neutral_right.jpg","Hyper-Skin(RGB, VIS)/train/VIS/p019_neutral_right.mat"
p019_smile_front,p019,train,"Hyper-Skin(RGB, VIS)/train/RGB/p019_smile_front.jpg","Hyper-Skin(RGB, VIS)/train/VIS/p019_smile_front.mat"
p019_smile_left,p019,train,"Hyper-Skin(RGB, VIS)/train/RGB/p019_smile_left.jpg","Hyper-Skin(RGB, VIS)/train/VIS/p019_smile_left.mat"
p019_smile_right,p019,train,"Hyper-Skin(RGB, VIS)/train/RGB/p019_smile_right.jpg","Hyper-Skin(RGB, VIS)/train/VIS/p019_smile_right.mat"
p020_neutral_front,p020,train,"Hyper-Skin(RGB, VIS)/train/RGB/p020_neutral_front.jpg","Hyper-Skin(RGB, VIS)/train/VIS/p020_neutral_front.mat"
p020_neutral_left,p020,train,"Hyper-Skin(RGB, VIS)/train/RGB/p020_neutral_left.jpg","Hyper-Skin(RGB, VIS)/train/VIS/p020_neutral_left.mat"
p020_neutral_right,p020,train,"Hyper-Skin(RGB, VIS)/train/RGB/p020_neutral_right.jpg","Hyper-Skin(RGB, VIS)/train/VIS/p020_neutral_right.mat"
p020_smile_front,p020,train,"Hyper-Skin(RGB, VIS)/train/RGB/p020_smile_front.jpg","Hyper-Skin(RGB, VIS)/train/VIS/p020_smile_front.mat"
p020_smile_left,p020,train,"Hyper-Skin(RGB, VIS)/train/RGB/p020_smile_left.jpg","Hyper-Skin(RGB, VIS)/train/VIS/p020_smile_left.mat"
p020_smile_right,p020,train,"Hyper-Skin(RGB, VIS)/train/RGB/p020_smile_right.jpg","Hyper-Skin(RGB, VIS)/train/VIS/p020_smile_right.mat"
p021_neutral_front,p021,train,"Hyper-Skin(RGB, VIS)/train/RGB/p021_neutral_front.jpg","Hyper-Skin(RGB, VIS)/train/VIS/p021_neutral_front.mat"
p021_neutral_left,p021,train,"Hyper-Skin(RGB, VIS)/train/RGB/p021_neutral_left.jpg","Hyper-Skin(RGB, VIS)/train/VIS/p021_neutral_left.mat"
p021_neutral_right,p021,train,"Hyper-Skin(RGB, VIS)/train/RGB/p021_neutral_right.jpg","Hyper-Skin(RGB, VIS)/train/VIS/p021_neutral_right.mat"
p021_smile_front,p021,train,"Hyper-Skin(RGB, VIS)/train/RGB/p021_smile_front.jpg","Hyper-Skin(RGB, VIS)/train/VIS/p021_smile_front.mat"
p021_smile_left,p021,train,"Hyper-Skin(RGB, VIS)/train/RGB/p021_smile_left.jpg","Hyper-Skin(RGB, VIS)/train/VIS/p021_smile_left.mat"
p021_smile_right,p021,train,"Hyper-Skin(RGB, VIS)/train/RGB/p021_smile_right.jpg","Hyper-Skin(RGB, VIS)/train/VIS/p021_smile_right.mat"
p022_neutral_front,p022,train,"Hyper-Skin(RGB, VIS)/train/RGB/p022_neutral_front.jpg","Hyper-Skin(RGB, VIS)/train/VIS/p022_neutral_front.mat"
p022_neutral_left,p022,train,"Hyper-Skin(RGB, VIS)/train/RGB/p022_neutral_left.jpg","Hyper-Skin(RGB, VIS)/train/VIS/p022_neutral_left.mat"
p022_neutral_right,p022,train,"Hyper-Skin(RGB, VIS)/train/RGB/p022_neutral_right.jpg","Hyper-Skin(RGB, VIS)/train/VIS/p022_neutral_right.mat"
p022_smile_front,p022,train,"Hyper-Skin(RGB, VIS)/train/RGB/p022_smile_front.jpg","Hyper-Skin(RGB, VIS)/train/VIS/p022_smile_front.mat"
p022_smile_left,p022,train,"Hyper-Skin(RGB, VIS)/train/RGB/p022_smile_left.jpg","Hyper-Skin(RGB, VIS)/train/VIS/p022_smile_left.mat"
p022_smile_right,p022,train,"Hyper-Skin(RGB, VIS)/train/RGB/p022_smile_right.jpg","Hyper-Skin(RGB, VIS)/train/VIS/p022_smile_right.mat"
p023_neutral_front,p023,train,"Hyper-Skin(RGB, VIS)/train/RGB/p023_neutral_front.jpg","Hyper-Skin(RGB, VIS)/train/VIS/p023_neutral_front.mat"
p023_neutral_left,p023,train,"Hyper-Skin(RGB, VIS)/train/RGB/p023_neutral_left.jpg","Hyper-Skin(RGB, VIS)/train/VIS/p023_neutral_left.mat"
p023_neutral_right,p023,train,"Hyper-Skin(RGB, VIS)/train/RGB/p023_neutral_right.jpg","Hyper-Skin(RGB, VIS)/train/VIS/p023_neutral_right.mat"
p023_smile_front,p023,train,"Hyper-Skin(RGB, VIS)/train/RGB/p023_smile_front.jpg","Hyper-Skin(RGB, VIS)/train/VIS/p023_smile_front.mat"
p023_smile_left,p023,train,"Hyper-Skin(RGB, VIS)/train/RGB/p023_smile_left.jpg","Hyper-Skin(RGB, VIS)/train/VIS/p023_smile_left.mat"
p023_smile_right,p023,train,"Hyper-Skin(RGB, VIS)/train/RGB/p023_smile_right.jpg","Hyper-Skin(RGB, VIS)/train/VIS/p023_smile_right.mat"
p024_neutral_front,p024,train,"Hyper-Skin(RGB, VIS)/train/RGB/p024_neutral_front.jpg","Hyper-Skin(RGB, VIS)/train/VIS/p024_neutral_front.mat"
p024_neutral_left,p024,train,"Hyper-Skin(RGB, VIS)/train/RGB/p024_neutral_left.jpg","Hyper-Skin(RGB, VIS)/train/VIS/p024_neutral_left.mat"
p024_neutral_right,p024,train,"Hyper-Skin(RGB, VIS)/train/RGB/p024_neutral_right.jpg","Hyper-Skin(RGB, VIS)/train/VIS/p024_neutral_right.mat"
p024_smile_front,p024,train,"Hyper-Skin(RGB, VIS)/train/RGB/p024_smile_front.jpg","Hyper-Skin(RGB, VIS)/train/VIS/p024_smile_front.mat"
p024_smile_left,p024,train,"Hyper-Skin(RGB, VIS)/train/RGB/p024_smile_left.jpg","Hyper-Skin(RGB, VIS)/train/VIS/p024_smile_left.mat"
p024_smile_right,p024,train,"Hyper-Skin(RGB, VIS)/train/RGB/p024_smile_right.jpg","Hyper-Skin(RGB, VIS)/train/VIS/p024_smile_right.mat"
p025_neutral_front,p025,train,"Hyper-Skin(RGB, VIS)/train/RGB/p025_neutral_front.jpg","Hyper-Skin(RGB, VIS)/train/VIS/p025_neutral_front.mat"
p025_neutral_left,p025,train,"Hyper-Skin(RGB, VIS)/train/RGB/p025_neutral_left.jpg","Hyper-Skin(RGB, VIS)/train/VIS/p025_neutral_left.mat"
p025_neutral_right,p025,train,"Hyper-Skin(RGB, VIS)/train/RGB/p025_neutral_right.jpg","Hyper-Skin(RGB, VIS)/train/VIS/p025_neutral_right.mat"
p025_smile_front,p025,train,"Hyper-Skin(RGB, VIS)/train/RGB/p025_smile_front.jpg","Hyper-Skin(RGB, VIS)/train/VIS/p025_smile_front.mat"
p025_smile_left,p025,train,"Hyper-Skin(RGB, VIS)/train/RGB/p025_smile_left.jpg","Hyper-Skin(RGB, VIS)/train/VIS/p025_smile_left.mat"
p025_smile_right,p025,train,"Hyper-Skin(RGB, VIS)/train/RGB/p025_smile_right.jpg","Hyper-Skin(RGB, VIS)/train/VIS/p025_smile_right.mat"
p026_neutral_front,p026,train,"Hyper-Skin(RGB, VIS)/train/RGB/p026_neutral_front.jpg","Hyper-Skin(RGB, VIS)/train/VIS/p026_neutral_front.mat"
p026_neutral_left,p026,train,"Hyper-Skin(RGB, VIS)/train/RGB/p026_neutral_left.jpg","Hyper-Skin(RGB, VIS)/train/VIS/p026_neutral_left.mat"
p026_neutral_right,p026,train,"Hyper-Skin(RGB, VIS)/train/RGB/p026_neutral_right.jpg","Hyper-Skin(RGB, VIS)/train/VIS/p026_neutral_right.mat"
p026_smile_front,p026,train,"Hyper-Skin(RGB, VIS)/train/RGB/p026_smile_front.jpg","Hyper-Skin(RGB, VIS)/train/VIS/p026_smile_front.mat"
p026_smile_left,p026,train,"Hyper-Skin(RGB, VIS)/train/RGB/p026_smile_left.jpg","Hyper-Skin(RGB, VIS)/train/VIS/p026_smile_left.mat"
p026_smile_right,p026,train,"Hyper-Skin(RGB, VIS)/train/RGB/p026_smile_right.jpg","Hyper-Skin(RGB, VIS)/train/VIS/p026_smile_right.mat"
p027_neutral_front,p027,train,"Hyper-Skin(RGB, VIS)/train/RGB/p027_neutral_front.jpg","Hyper-Skin(RGB, VIS)/train/VIS/p027_neutral_front.mat"
p027_neutral_left,p027,train,"Hyper-Skin(RGB, VIS)/train/RGB/p027_neutral_left.jpg","Hyper-Skin(RGB, VIS)/train/VIS/p027_neutral_left.mat"
p027_neutral_right,p027,train,"Hyper-Skin(RGB, VIS)/train/RGB/p027_neutral_right.jpg","Hyper-Skin(RGB, VIS)/train/VIS/p027_neutral_right.mat"
p027_smile_front,p027,train,"Hyper-Skin(RGB, VIS)/train/RGB/p027_smile_front.jpg","Hyper-Skin(RGB, VIS)/train/VIS/p027_smile_front.mat"
p027_smile_left,p027,train,"Hyper-Skin(RGB, VIS)/train/RGB/p027_smile_left.jpg","Hyper-Skin(RGB, VIS)/train/VIS/p027_smile_left.mat"
p027_smile_right,p027,train,"Hyper-Skin(RGB, VIS)/train/RGB/p027_smile_right.jpg","Hyper-Skin(RGB, VIS)/train/VIS/p027_smile_right.mat"
p028_neutral_front,p028,train,"Hyper-Skin(RGB, VIS)/train/RGB/p028_neutral_front.jpg","Hyper-Skin(RGB, VIS)/train/VIS/p028_neutral_front.mat"
p028_neutral_left,p028,train,"Hyper-Skin(RGB, VIS)/train/RGB/p028_neutral_left.jpg","Hyper-Skin(RGB, VIS)/train/VIS/p028_neutral_left.mat"
p028_neutral_right,p028,train,"Hyper-Skin(RGB, VIS)/train/RGB/p028_neutral_right.jpg","Hyper-Skin(RGB, VIS)/train/VIS/p028_neutral_right.mat"
p028_smile_front,p028,train,"Hyper-Skin(RGB, VIS)/train/RGB/p028_smile_front.jpg","Hyper-Skin(RGB, VIS)/train/VIS/p028_smile_front.mat"
p028_smile_left,p028,train,"Hyper-Skin(RGB, VIS)/train/RGB/p028_smile_left.jpg","Hyper-Skin(RGB, VIS)/train/VIS/p028_smile_left.mat"
p028_smile_right,p028,train,"Hyper-Skin(RGB, VIS)/train/RGB/p028_smile_right.jpg","Hyper-Skin(RGB, VIS)/train/VIS/p028_smile_right.mat"
p029_neutral_front,p029,train,"Hyper-Skin(RGB, VIS)/train/RGB/p029_neutral_front.jpg","Hyper-Skin(RGB, VIS)/train/VIS/p029_neutral_front.mat"
p029_neutral_left,p029,train,"Hyper-Skin(RGB, VIS)/train/RGB/p029_neutral_left.jpg","Hyper-Skin(RGB, VIS)/train/VIS/p029_neutral_left.mat"
p029_neutral_right,p029,train,"Hyper-Skin(RGB, VIS)/train/RGB/p029_neutral_right.jpg","Hyper-Skin(RGB, VIS)/train/VIS/p029_neutral_right.mat"
p029_smile_front,p029,train,"Hyper-Skin(RGB, VIS)/train/RGB/p029_smile_front.jpg","Hyper-Skin(RGB, VIS)/train/VIS/p029_smile_front.mat"
p029_smile_left,p029,train,"Hyper-Skin(RGB, VIS)/train/RGB/p029_smile_left.jpg","Hyper-Skin(RGB, VIS)/train/VIS/p029_smile_left.mat"
p029_smile_right,p029,train,"Hyper-Skin(RGB, VIS)/train/RGB/p029_smile_right.jpg","Hyper-Skin(RGB, VIS)/train/VIS/p029_smile_right.mat"
p031_neutral_front,p031,train,"Hyper-Skin(RGB, VIS)/train/RGB/p031_neutral_front.jpg","Hyper-Skin(RGB, VIS)/train/VIS/p031_neutral_front.mat"
p031_neutral_left,p031,train,"Hyper-Skin(RGB, VIS)/train/RGB/p031_neutral_left.jpg","Hyper-Skin(RGB, VIS)/train/VIS/p031_neutral_left.mat"
p031_neutral_right,p031,train,"Hyper-Skin(RGB, VIS)/train/RGB/p031_neutral_right.jpg","Hyper-Skin(RGB, VIS)/train/VIS/p031_neutral_right.mat"
p031_smile_front,p031,train,"Hyper-Skin(RGB, VIS)/train/RGB/p031_smile_front.jpg","Hyper-Skin(RGB, VIS)/train/VIS/p031_smile_front.mat"
p031_smile_left,p031,train,"Hyper-Skin(RGB, VIS)/train/RGB/p031_smile_left.jpg","Hyper-Skin(RGB, VIS)/train/VIS/p031_smile_left.mat"
p031_smile_right,p031,train,"Hyper-Skin(RGB, VIS)/train/RGB/p031_smile_right.jpg","Hyper-Skin(RGB, VIS)/train/VIS/p031_smile_right.mat"
p032_neutral_front,p032,train,"Hyper-Skin(RGB, VIS)/train/RGB/p032_neutral_front.jpg","Hyper-Skin(RGB, VIS)/train/VIS/p032_neutral_front.mat"
p032_neutral_left,p032,train,"Hyper-Skin(RGB, VIS)/train/RGB/p032_neutral_left.jpg","Hyper-Skin(RGB, VIS)/train/VIS/p032_neutral_left.mat"
p032_neutral_right,p032,train,"Hyper-Skin(RGB, VIS)/train/RGB/p032_neutral_right.jpg","Hyper-Skin(RGB, VIS)/train/VIS/p032_neutral_right.mat"
p032_smile_front,p032,train,"Hyper-Skin(RGB, VIS)/train/RGB/p032_smile_front.jpg","Hyper-Skin(RGB, VIS)/train/VIS/p032_smile_front.mat"
p032_smile_left,p032,train,"Hyper-Skin(RGB, VIS)/train/RGB/p032_smile_left.jpg","Hyper-Skin(RGB, VIS)/train/VIS/p032_smile_left.mat"
p032_smile_right,p032,train,"Hyper-Skin(RGB, VIS)/train/RGB/p032_smile_right.jpg","Hyper-Skin(RGB, VIS)/train/VIS/p032_smile_right.mat"
p033_neutral_front,p033,train,"Hyper-Skin(RGB, VIS)/train/RGB/p033_neutral_front.jpg","Hyper-Skin(RGB, VIS)/train/VIS/p033_neutral_front.mat"
p033_neutral_left,p033,train,"Hyper-Skin(RGB, VIS)/train/RGB/p033_neutral_left.jpg","Hyper-Skin(RGB, VIS)/train/VIS/p033_neutral_left.mat"
p033_neutral_right,p033,train,"Hyper-Skin(RGB, VIS)/train/RGB/p033_neutral_right.jpg","Hyper-Skin(RGB, VIS)/train/VIS/p033_neutral_right.mat"
p033_smile_front,p033,train,"Hyper-Skin(RGB, VIS)/train/RGB/p033_smile_front.jpg","Hyper-Skin(RGB, VIS)/train/VIS/p033_smile_front.mat"
p033_smile_left,p033,train,"Hyper-Skin(RGB, VIS)/train/RGB/p033_smile_left.jpg","Hyper-Skin(RGB, VIS)/train/VIS/p033_smile_left.mat"
p033_smile_right,p033,train,"Hyper-Skin(RGB, VIS)/train/RGB/p033_smile_right.jpg","Hyper-Skin(RGB, VIS)/train/VIS/p033_smile_right.mat"
p034_neutral_front,p034,train,"Hyper-Skin(RGB, VIS)/train/RGB/p034_neutral_front.jpg","Hyper-Skin(RGB, VIS)/train/VIS/p034_neutral_front.mat"
p034_neutral_left,p034,train,"Hyper-Skin(RGB, VIS)/train/RGB/p034_neutral_left.jpg","Hyper-Skin(RGB, VIS)/train/VIS/p034_neutral_left.mat"
p034_neutral_right,p034,train,"Hyper-Skin(RGB, VIS)/train/RGB/p034_neutral_right.jpg","Hyper-Skin(RGB, VIS)/train/VIS/p034_neutral_right.mat"
p034_smile_front,p034,train,"Hyper-Skin(RGB, VIS)/train/RGB/p034_smile_front.jpg","Hyper-Skin(RGB, VIS)/train/VIS/p034_smile_front.mat"
p034_smile_left,p034,train,"Hyper-Skin(RGB, VIS)/train/RGB/p034_smile_left.jpg","Hyper-Skin(RGB, VIS)/train/VIS/p034_smile_left.mat"
p034_smile_right,p034,train,"Hyper-Skin(RGB, VIS)/train/RGB/p034_smile_right.jpg","Hyper-Skin(RGB, VIS)/train/VIS/p034_smile_right.mat"
p037_neutral_front,p037,train,"Hyper-Skin(RGB, VIS)/train/RGB/p037_neutral_front.jpg","Hyper-Skin(RGB, VIS)/train/VIS/p037_neutral_front.mat"
p037_neutral_left,p037,train,"Hyper-Skin(RGB, VIS)/train/RGB/p037_neutral_left.jpg","Hyper-Skin(RGB, VIS)/train/VIS/p037_neutral_left.mat"
p037_neutral_right,p037,train,"Hyper-Skin(RGB, VIS)/train/RGB/p037_neutral_right.jpg","Hyper-Skin(RGB, VIS)/train/VIS/p037_neutral_right.mat"
p037_smile_front,p037,train,"Hyper-Skin(RGB, VIS)/train/RGB/p037_smile_front.jpg","Hyper-Skin(RGB, VIS)/train/VIS/p037_smile_front.mat"
p037_smile_left,p037,train,"Hyper-Skin(RGB, VIS)/train/RGB/p037_smile_left.jpg","Hyper-Skin(RGB, VIS)/train/VIS/p037_smile_left.mat"
p037_smile_right,p037,train,"Hyper-Skin(RGB, VIS)/train/RGB/p037_smile_right.jpg","Hyper-Skin(RGB, VIS)/train/VIS/p037_smile_right.mat"
p038_neutral_front,p038,train,"Hyper-Skin(RGB, VIS)/train/RGB/p038_neutral_front.jpg","Hyper-Skin(RGB, VIS)/train/VIS/p038_neutral_front.mat"
p038_neutral_left,p038,train,"Hyper-Skin(RGB, VIS)/train/RGB/p038_neutral_left.jpg","Hyper-Skin(RGB, VIS)/train/VIS/p038_neutral_left.mat"
p038_neutral_right,p038,train,"Hyper-Skin(RGB, VIS)/train/RGB/p038_neutral_right.jpg","Hyper-Skin(RGB, VIS)/train/VIS/p038_neutral_right.mat"
p038_smile_front,p038,train,"Hyper-Skin(RGB, VIS)/train/RGB/p038_smile_front.jpg","Hyper-Skin(RGB, VIS)/train/VIS/p038_smile_front.mat"
p038_smile_left,p038,train,"Hyper-Skin(RGB, VIS)/train/RGB/p038_smile_left.jpg","Hyper-Skin(RGB, VIS)/train/VIS/p038_smile_left.mat"
p038_smile_right,p038,train,"Hyper-Skin(RGB, VIS)/train/RGB/p038_smile_right.jpg","Hyper-Skin(RGB, VIS)/train/VIS/p038_smile_right.mat"
p040_neutral_front,p040,train,"Hyper-Skin(RGB, VIS)/train/RGB/p040_neutral_front.jpg","Hyper-Skin(RGB, VIS)/train/VIS/p040_neutral_front.mat"
p040_neutral_left,p040,train,"Hyper-Skin(RGB, VIS)/train/RGB/p040_neutral_left.jpg","Hyper-Skin(RGB, VIS)/train/VIS/p040_neutral_left.mat"
p040_neutral_right,p040,train,"Hyper-Skin(RGB, VIS)/train/RGB/p040_neutral_right.jpg","Hyper-Skin(RGB, VIS)/train/VIS/p040_neutral_right.mat"
p040_smile_front,p040,train,"Hyper-Skin(RGB, VIS)/train/RGB/p040_smile_front.jpg","Hyper-Skin(RGB, VIS)/train/VIS/p040_smile_front.mat"
p040_smile_left,p040,train,"Hyper-Skin(RGB, VIS)/train/RGB/p040_smile_left.jpg","Hyper-Skin(RGB, VIS)/train/VIS/p040_smile_left.mat"
p040_smile_right,p040,train,"Hyper-Skin(RGB, VIS)/train/RGB/p040_smile_right.jpg","Hyper-Skin(RGB, VIS)/train/VIS/p040_smile_right.mat"
p041_neutral_front,p041,train,"Hyper-Skin(RGB, VIS)/train/RGB/p041_neutral_front.jpg","Hyper-Skin(RGB, VIS)/train/VIS/p041_neutral_front.mat"
p041_neutral_left,p041,train,"Hyper-Skin(RGB, VIS)/train/RGB/p041_neutral_left.jpg","Hyper-Skin(RGB, VIS)/train/VIS/p041_neutral_left.mat"
p041_neutral_right,p041,train,"Hyper-Skin(RGB, VIS)/train/RGB/p041_neutral_right.jpg","Hyper-Skin(RGB, VIS)/train/VIS/p041_neutral_right.mat"
p041_smile_front,p041,train,"Hyper-Skin(RGB, VIS)/train/RGB/p041_smile_front.jpg","Hyper-Skin(RGB, VIS)/train/VIS/p041_smile_front.mat"
p041_smile_left,p041,train,"Hyper-Skin(RGB, VIS)/train/RGB/p041_smile_left.jpg","Hyper-Skin(RGB, VIS)/train/VIS/p041_smile_left.mat"
p041_smile_right,p041,train,"Hyper-Skin(RGB, VIS)/train/RGB/p041_smile_right.jpg","Hyper-Skin(RGB, VIS)/train/VIS/p041_smile_right.mat"
p042_neutral_front,p042,train,"Hyper-Skin(RGB, VIS)/train/RGB/p042_neutral_front.jpg","Hyper-Skin(RGB, VIS)/train/VIS/p042_neutral_front.mat"
p042_neutral_left,p042,train,"Hyper-Skin(RGB, VIS)/train/RGB/p042_neutral_left.jpg","Hyper-Skin(RGB, VIS)/train/VIS/p042_neutral_left.mat"
p042_neutral_right,p042,train,"Hyper-Skin(RGB, VIS)/train/RGB/p042_neutral_right.jpg","Hyper-Skin(RGB, VIS)/train/VIS/p042_neutral_right.mat"
p042_smile_front,p042,train,"Hyper-Skin(RGB, VIS)/train/RGB/p042_smile_front.jpg","Hyper-Skin(RGB, VIS)/train/VIS/p042_smile_front.mat"
p042_smile_left,p042,train,"Hyper-Skin(RGB, VIS)/train/RGB/p042_smile_left.jpg","Hyper-Skin(RGB, VIS)/train/VIS/p042_smile_left.mat"
p042_smile_right,p042,train,"Hyper-Skin(RGB, VIS)/train/RGB/p042_smile_right.jpg","Hyper-Skin(RGB, VIS)/train/VIS/p042_smile_right.mat"
p043_neutral_front,p043,train,"Hyper-Skin(RGB, VIS)/train/RGB/p043_neutral_front.jpg","Hyper-Skin(RGB, VIS)/train/VIS/p043_neutral_front.mat"
p043_neutral_left,p043,train,"Hyper-Skin(RGB, VIS)/train/RGB/p043_neutral_left.jpg","Hyper-Skin(RGB, VIS)/train/VIS/p043_neutral_left.mat"
p043_neutral_right,p043,train,"Hyper-Skin(RGB, VIS)/train/RGB/p043_neutral_right.jpg","Hyper-Skin(RGB, VIS)/train/VIS/p043_neutral_right.mat"
p043_smile_front,p043,train,"Hyper-Skin(RGB, VIS)/train/RGB/p043_smile_front.jpg","Hyper-Skin(RGB, VIS)/train/VIS/p043_smile_front.mat"
p043_smile_left,p043,train,"Hyper-Skin(RGB, VIS)/train/RGB/p043_smile_left.jpg","Hyper-Skin(RGB, VIS)/train/VIS/p043_smile_left.mat"
p043_smile_right,p043,train,"Hyper-Skin(RGB, VIS)/train/RGB/p043_smile_right.jpg","Hyper-Skin(RGB, VIS)/train/VIS/p043_smile_right.mat"
p044_neutral_front,p044,train,"Hyper-Skin(RGB, VIS)/train/RGB/p044_neutral_front.jpg","Hyper-Skin(RGB, VIS)/train/VIS/p044_neutral_front.mat"
p044_neutral_left,p044,train,"Hyper-Skin(RGB, VIS)/train/RGB/p044_neutral_left.jpg","Hyper-Skin(RGB, VIS)/train/VIS/p044_neutral_left.mat"
p044_neutral_right,p044,train,"Hyper-Skin(RGB, VIS)/train/RGB/p044_neutral_right.jpg","Hyper-Skin(RGB, VIS)/train/VIS/p044_neutral_right.mat"
p044_smile_front,p044,train,"Hyper-Skin(RGB, VIS)/train/RGB/p044_smile_front.jpg","Hyper-Skin(RGB, VIS)/train/VIS/p044_smile_front.mat"
p044_smile_left,p044,train,"Hyper-Skin(RGB, VIS)/train/RGB/p044_smile_left.jpg","Hyper-Skin(RGB, VIS)/train/VIS/p044_smile_left.mat"
p044_smile_right,p044,train,"Hyper-Skin(RGB, VIS)/train/RGB/p044_smile_right.jpg","Hyper-Skin(RGB, VIS)/train/VIS/p044_smile_right.mat"
p045_neutral_front,p045,train,"Hyper-Skin(RGB, VIS)/train/RGB/p045_neutral_front.jpg","Hyper-Skin(RGB, VIS)/train/VIS/p045_neutral_front.mat"
p045_neutral_left,p045,train,"Hyper-Skin(RGB, VIS)/train/RGB/p045_neutral_left.jpg","Hyper-Skin(RGB, VIS)/train/VIS/p045_neutral_left.mat"
p045_neutral_right,p045,train,"Hyper-Skin(RGB, VIS)/train/RGB/p045_neutral_right.jpg","Hyper-Skin(RGB, VIS)/train/VIS/p045_neutral_right.mat"
p045_smile_front,p045,train,"Hyper-Skin(RGB, VIS)/train/RGB/p045_smile_front.jpg","Hyper-Skin(RGB, VIS)/train/VIS/p045_smile_front.mat"
p045_smile_left,p045,train,"Hyper-Skin(RGB, VIS)/train/RGB/p045_smile_left.jpg","Hyper-Skin(RGB, VIS)/train/VIS/p045_smile_left.mat"
p045_smile_right,p045,train,"Hyper-Skin(RGB, VIS)/train/RGB/p045_smile_right.jpg","Hyper-Skin(RGB, VIS)/train/VIS/p045_smile_right.mat"
p046_neutral_front,p046,train,"Hyper-Skin(RGB, VIS)/train/RGB/p046_neutral_front.jpg","Hyper-Skin(RGB, VIS)/train/VIS/p046_neutral_front.mat"
p046_neutral_left,p046,train,"Hyper-Skin(RGB, VIS)/train/RGB/p046_neutral_left.jpg","Hyper-Skin(RGB, VIS)/train/VIS/p046_neutral_left.mat"
p046_neutral_right,p046,train,"Hyper-Skin(RGB, VIS)/train/RGB/p046_neutral_right.jpg","Hyper-Skin(RGB, VIS)/train/VIS/p046_neutral_right.mat"
p046_smile_front,p046,train,"Hyper-Skin(RGB, VIS)/train/RGB/p046_smile_front.jpg","Hyper-Skin(RGB, VIS)/train/VIS/p046_smile_front.mat"
p046_smile_left,p046,train,"Hyper-Skin(RGB, VIS)/train/RGB/p046_smile_left.jpg","Hyper-Skin(RGB, VIS)/train/VIS/p046_smile_left.mat"
p046_smile_right,p046,train,"Hyper-Skin(RGB, VIS)/train/RGB/p046_smile_right.jpg","Hyper-Skin(RGB, VIS)/train/VIS/p046_smile_right.mat"
p047_neutral_front,p047,train,"Hyper-Skin(RGB, VIS)/train/RGB/p047_neutral_front.jpg","Hyper-Skin(RGB, VIS)/train/VIS/p047_neutral_front.mat"
p047_neutral_left,p047,train,"Hyper-Skin(RGB, VIS)/train/RGB/p047_neutral_left.jpg","Hyper-Skin(RGB, VIS)/train/VIS/p047_neutral_left.mat"
p047_neutral_right,p047,train,"Hyper-Skin(RGB, VIS)/train/RGB/p047_neutral_right.jpg","Hyper-Skin(RGB, VIS)/train/VIS/p047_neutral_right.mat"
p047_smile_front,p047,train,"Hyper-Skin(RGB, VIS)/train/RGB/p047_smile_front.jpg","Hyper-Skin(RGB, VIS)/train/VIS/p047_smile_front.mat"
p047_smile_left,p047,train,"Hyper-Skin(RGB, VIS)/train/RGB/p047_smile_left.jpg","Hyper-Skin(RGB, VIS)/train/VIS/p047_smile_left.mat"
p047_smile_right,p047,train,"Hyper-Skin(RGB, VIS)/train/RGB/p047_smile_right.jpg","Hyper-Skin(RGB, VIS)/train/VIS/p047_smile_right.mat"
p048_neutral_front,p048,train,"Hyper-Skin(RGB, VIS)/train/RGB/p048_neutral_front.jpg","Hyper-Skin(RGB, VIS)/train/VIS/p048_neutral_front.mat"
p048_neutral_left,p048,train,"Hyper-Skin(RGB, VIS)/train/RGB/p048_neutral_left.jpg","Hyper-Skin(RGB, VIS)/train/VIS/p048_neutral_left.mat"
p048_neutral_right,p048,train,"Hyper-Skin(RGB, VIS)/train/RGB/p048_neutral_right.jpg","Hyper-Skin(RGB, VIS)/train/VIS/p048_neutral_right.mat"
p048_smile_front,p048,train,"Hyper-Skin(RGB, VIS)/train/RGB/p048_smile_front.jpg","Hyper-Skin(RGB, VIS)/train/VIS/p048_smile_front.mat"
p048_smile_left,p048,train,"Hyper-Skin(RGB, VIS)/train/RGB/p048_smile_left.jpg","Hyper-Skin(RGB, VIS)/train/VIS/p048_smile_left.mat"
p048_smile_right,p048,train,"Hyper-Skin(RGB, VIS)/train/RGB/p048_smile_right.jpg","Hyper-Skin(RGB, VIS)/train/VIS/p048_smile_right.mat"
p049_neutral_front,p049,train,"Hyper-Skin(RGB, VIS)/train/RGB/p049_neutral_front.jpg","Hyper-Skin(RGB, VIS)/train/VIS/p049_neutral_front.mat"
p049_neutral_left,p049,train,"Hyper-Skin(RGB, VIS)/train/RGB/p049_neutral_left.jpg","Hyper-Skin(RGB, VIS)/train/VIS/p049_neutral_left.mat"
p049_neutral_right,p049,train,"Hyper-Skin(RGB, VIS)/train/RGB/p049_neutral_right.jpg","Hyper-Skin(RGB, VIS)/train/VIS/p049_neutral_right.mat"
p049_smile_front,p049,train,"Hyper-Skin(RGB, VIS)/train/RGB/p049_smile_front.jpg","Hyper-Skin(RGB, VIS)/train/VIS/p049_smile_front.mat"
p049_smile_left,p049,train,"Hyper-Skin(RGB, VIS)/train/RGB/p049_smile_left.jpg","Hyper-Skin(RGB, VIS)/train/VIS/p049_smile_left.mat"
p049_smile_right,p049,train,"Hyper-Skin(RGB, VIS)/train/RGB/p049_smile_right.jpg","Hyper-Skin(RGB, VIS)/train/VIS/p049_smile_right.mat"
p050_neutral_front,p050,train,"Hyper-Skin(RGB, VIS)/train/RGB/p050_neutral_front.jpg","Hyper-Skin(RGB, VIS)/train/VIS/p050_neutral_front.mat"
p050_neutral_left,p050,train,"Hyper-Skin(RGB, VIS)/train/RGB/p050_neutral_left.jpg","Hyper-Skin(RGB, VIS)/train/VIS/p050_neutral_left.mat"
p050_neutral_right,p050,train,"Hyper-Skin(RGB, VIS)/train/RGB/p050_neutral_right.jpg","Hyper-Skin(RGB, VIS)/train/VIS/p050_neutral_right.mat"
p050_smile_front,p050,train,"Hyper-Skin(RGB, VIS)/train/RGB/p050_smile_front.jpg","Hyper-Skin(RGB, VIS)/train/VIS/p050_smile_front.mat"
p050_smile_left,p050,train,"Hyper-Skin(RGB, VIS)/train/RGB/p050_smile_left.jpg","Hyper-Skin(RGB, VIS)/train/VIS/p050_smile_left.mat"
p050_smile_right,p050,train,"Hyper-Skin(RGB, VIS)/train/RGB/p050_smile_right.jpg","Hyper-Skin(RGB, VIS)/train/VIS/p050_smile_right.mat"
p051_neutral_front,p051,train,"Hyper-Skin(RGB, VIS)/train/RGB/p051_neutral_front.jpg","Hyper-Skin(RGB, VIS)/train/VIS/p051_neutral_front.mat"
p051_neutral_left,p051,train,"Hyper-Skin(RGB, VIS)/train/RGB/p051_neutral_left.jpg","Hyper-Skin(RGB, VIS)/train/VIS/p051_neutral_left.mat"
p051_neutral_right,p051,train,"Hyper-Skin(RGB, VIS)/train/RGB/p051_neutral_right.jpg","Hyper-Skin(RGB, VIS)/train/VIS/p051_neutral_right.mat"
p051_smile_front,p051,train,"Hyper-Skin(RGB, VIS)/train/RGB/p051_smile_front.jpg","Hyper-Skin(RGB, VIS)/train/VIS/p051_smile_front.mat"
p051_smile_left,p051,train,"Hyper-Skin(RGB, VIS)/train/RGB/p051_smile_left.jpg","Hyper-Skin(RGB, VIS)/train/VIS/p051_smile_left.mat"
p051_smile_right,p051,train,"Hyper-Skin(RGB, VIS)/train/RGB/p051_smile_right.jpg","Hyper-Skin(RGB, VIS)/train/VIS/p051_smile_right.mat"
p001_neutral_front,p001,valid,"Hyper-Skin(RGB, VIS)/valid/RGB/p001_neutral_front.jpg","Hyper-Skin(RGB, VIS)/valid/VIS/p001_neutral_front.mat"
p001_neutral_left,p001,valid,"Hyper-Skin(RGB, VIS)/valid/RGB/p001_neutral_left.jpg","Hyper-Skin(RGB, VIS)/valid/VIS/p001_neutral_left.mat"
p001_neutral_right,p001,valid,"Hyper-Skin(RGB, VIS)/valid/RGB/p001_neutral_right.jpg","Hyper-Skin(RGB, VIS)/valid/VIS/p001_neutral_right.mat"
p001_smile_front,p001,valid,"Hyper-Skin(RGB, VIS)/valid/RGB/p001_smile_front.jpg","Hyper-Skin(RGB, VIS)/valid/VIS/p001_smile_front.mat"
p001_smile_left,p001,valid,"Hyper-Skin(RGB, VIS)/valid/RGB/p001_smile_left.jpg","Hyper-Skin(RGB, VIS)/valid/VIS/p001_smile_left.mat"
p001_smile_right,p001,valid,"Hyper-Skin(RGB, VIS)/valid/RGB/p001_smile_right.jpg","Hyper-Skin(RGB, VIS)/valid/VIS/p001_smile_right.mat"
p016_neutral_front,p016,valid,"Hyper-Skin(RGB, VIS)/valid/RGB/p016_neutral_front.jpg","Hyper-Skin(RGB, VIS)/valid/VIS/p016_neutral_front.mat"
p016_neutral_left,p016,valid,"Hyper-Skin(RGB, VIS)/valid/RGB/p016_neutral_left.jpg","Hyper-Skin(RGB, VIS)/valid/VIS/p016_neutral_left.mat"
p016_neutral_right,p016,valid,"Hyper-Skin(RGB, VIS)/valid/RGB/p016_neutral_right.jpg","Hyper-Skin(RGB, VIS)/valid/VIS/p016_neutral_right.mat"
p016_smile_front,p016,valid,"Hyper-Skin(RGB, VIS)/valid/RGB/p016_smile_front.jpg","Hyper-Skin(RGB, VIS)/valid/VIS/p016_smile_front.mat"
p016_smile_left,p016,valid,"Hyper-Skin(RGB, VIS)/valid/RGB/p016_smile_left.jpg","Hyper-Skin(RGB, VIS)/valid/VIS/p016_smile_left.mat"
p016_smile_right,p016,valid,"Hyper-Skin(RGB, VIS)/valid/RGB/p016_smile_right.jpg","Hyper-Skin(RGB, VIS)/valid/VIS/p016_smile_right.mat"
p030_neutral_front,p030,valid,"Hyper-Skin(RGB, VIS)/valid/RGB/p030_neutral_front.jpg","Hyper-Skin(RGB, VIS)/valid/VIS/p030_neutral_front.mat"
p030_neutral_left,p030,valid,"Hyper-Skin(RGB, VIS)/valid/RGB/p030_neutral_left.jpg","Hyper-Skin(RGB, VIS)/valid/VIS/p030_neutral_left.mat"
p030_neutral_right,p030,valid,"Hyper-Skin(RGB, VIS)/valid/RGB/p030_neutral_right.jpg","Hyper-Skin(RGB, VIS)/valid/VIS/p030_neutral_right.mat"
p030_smile_front,p030,valid,"Hyper-Skin(RGB, VIS)/valid/RGB/p030_smile_front.jpg","Hyper-Skin(RGB, VIS)/valid/VIS/p030_smile_front.mat"
p030_smile_left,p030,valid,"Hyper-Skin(RGB, VIS)/valid/RGB/p030_smile_left.jpg","Hyper-Skin(RGB, VIS)/valid/VIS/p030_smile_left.mat"
p030_smile_right,p030,valid,"Hyper-Skin(RGB, VIS)/valid/RGB/p030_smile_right.jpg","Hyper-Skin(RGB, VIS)/valid/VIS/p030_smile_right.mat"
